Area,Release 1 decision,Rationale,Replacement or follow-on
Estimation,"Use 1, 2, 3 and 5 points; split anything larger than 5. Plan an initial 8-10 points per junior developer per two-week sprint.","Stories remain small enough to review, test and reassign without hiding multi-sprint work.",Recalibrate velocity after the first two completed sprints.
User and workspace,One human user owns one workspace; the trusted user_id is the ownership key.,"The pilot does not need organisations, shared workspaces or tenant administration.",Team and organisational visibility can be added after production identity.
Deployment target,Deploy MOSAIC as a Cloud Run service through the established ADA platform path; use one minimum and one maximum instance for the pilot.,Cloud Run is the required ADA deployment route. Single-instance operation preserves the current in-memory invocation controls while Cloud SQL provides durable state.,Shared invocation coordination permits multiple instances after Release 1.
Administrator access,Platform administrators run mosaic-admin through an on-demand Cloud Run Job.,"The Job reuses the service image, identity, Cloud SQL connection and configuration without an administration UI or container shell.",A governed administration API can replace the Job when needed.
Token generation,"Generate at least 256 random bits, prefix mosaic_r1_, store SHA-256 only and show plaintext once.",Opaque high-entropy tokens provide traceable pilot identity without OIDC.,OIDC replaces human tokens; service identities remain separate.
Browser authentication,"Secure HttpOnly SameSite=Strict cookie with configurable lifetime, default seven days.",The browser can remain signed in without exposing the token to JavaScript.,OIDC session handling replaces it.
Database separation,ADK owns its PostgreSQL session tables; MOSAIC owns a separate schema or collision-free table namespace in the same environment database.,Cloud SQL survives Cloud Run instance replacement while session cleanup remains independent from users and workspace Skill references.,No pilot-data migration is required; production controls extend the same database boundary.
Workspace Skills,Store atomic Skill references only. Group assignment expands current members and creates no subscription.,Future group changes cannot silently grant a user new Skills.,Self-service uses the same atomic reference model.
Skill publication,Only approved Skills reach main; no commit or tag pinning in the pilot.,The controlled catalogue workflow is sufficient at pilot scale.,Immutable catalogue releases are added if progressive delivery is required.
Goal boundary,Resolve current workspace Skills only when a new Goal starts and hold the snapshot for that Goal.,Administrative changes do not mutate in-flight work.,Strategic Skill publication retains the same boundary.
Capability snapshot,A standalone JSON file in the private Terraform repository is uploaded as a versioned GCS object and mounted read-only by Cloud Run.,"It remains reviewed, non-sensitive and environment-specific without complicating image builds.",A relational Integration publication replaces it.
API hosting,Extend ADA's existing FastAPI application through a MOSAIC-owned bootstrap and deploy the combined process to Cloud Run.,No additional Release 1 service is required.,The access layer can be extracted later if scaling or security requires it.
Public routes,Expose Dash and /api/v1 only through the Cloud Run boundary; reject raw ADA/ADK routes before their handlers and disable development web routes.,Raw routes accept caller-supplied identifiers and are not the supported security boundary.,First-class route disabling can be requested from ADA later.
Frontend,Use Dash/Python plus a small local JavaScript SSE client.,The codebase stays predominantly Python while retaining live response updates.,"A separate React application remains optional, not planned."
Concurrency,Run one Cloud Run instance and allow one active invocation per conversation; return exact HTTP 409 and do not queue.,This prevents conflicting ADK session updates with minimal machinery.,Shared production limits and 429 responses are deferred.
Disconnect,Browser or SSE disconnect does not cancel; explicit Cancel is terminal; Cloud Run instance termination kills in-flight work.,Users can close the browser and later see the persisted completed response.,Cross-replica coordination is added with production scaling.
Session lifecycle,Persist ADK sessions indefinitely in Cloud SQL; provide no deletion UI or automated retention.,The pilot can retain history; a clean development environment can start from a newly initialised database.,Configurable inactive-session retention follows production usage.
Resilience,Cloud SQL protects completed sessions and MOSAIC metadata from Cloud Run instance replacement; in-flight work is not resumed.,"Pilot data persistence is required, but production high availability, backup and recovery targets are not.","Production backup, restore and multi-instance coordination follow agreed service targets."
Provider access,All endpoints are development-only and MCP servers run explicitly read-only.,This permits deferral of the security shim and delegated RBAC.,MCP shim and provider-specific RBAC precede sensitive data access.
Audit and cost,Use existing ADA/GCP telemetry for the pilot and add only correlation metadata.,Duplicate audit and chargeback stores are premature.,Add a usage ledger only if production telemetry lacks user-level attribution.
