Order,Horizon,Increment,Workstream,Epic ID,Epic,Objective,Deliverable,Dependencies,Suggested owner,Delivery group,Orchestrator involvement,Story points,Stories,Status
1,Release 1,0. Cloud Run foundation,Platform and deployment,PLAT-R1,Pilot platform foundation,Build and deploy the owner-produced MOSAIC backend through external delivery and infrastructure repositories.,"Artifact Registry image, Cloud Run backend service, mounted persistent file storage, GCS snapshot, approved catalogue startup and supported backend route exposure.",Existing development GCP and ADA environment,Platform / integration,External developer team,No MOSAIC repository changes; published contracts only,29,7,Proposed
2,Release 1,1. Persistent pilot data,Backend and data,DATA-R1,"Pilot identity, workspace and session persistence","Persist ADK conversations plus MOSAIC users, credentials, workspaces and atomic Skill references in separate SQLite files.",Mounted ADK and MOSAIC SQLite databases plus a temporary protected administration endpoint and CLI.,PLAT-R1-02; PLAT-R1-06,MOSAIC owner,MOSAIC owner only,MOSAIC repository change required; owner-controlled implementation,24,6,Proposed
3,Release 1,2. Authenticated boundary,Access and API,AUTH-R1,Authenticated public boundary,Derive trusted user identity for every browser and API request.,"Bearer authentication, persistent secure cookie, outer middleware and spoof-resistant context.",DATA-R1; ORCH-R1-01,MOSAIC owner,MOSAIC owner only,MOSAIC repository change required; owner-controlled implementation,14,4,Proposed
4,Release 1,3. Conversation lifecycle,Access and API,API-R1,Conversation lifecycle API,Expose owned conversations and resilient streaming through /api/v1.,"Conversation wrappers, SSE, background invocation lifetime, per-conversation guard and cancellation.",AUTH-R1; ORCH-R1-01,MOSAIC owner,MOSAIC owner only,MOSAIC repository change required; owner-controlled implementation,26,6,Proposed
5,Release 1,4. Pilot experience and Goal binding,User interface,UI-R1,Dash pilot experience,Provide the minimum authenticated conversational interface as a separately deployed Python application.,"Independent Dash executable and image, configurable MOSAIC API URL, sign-in, conversation navigation, JavaScript SSE streaming and pilot runtime states.",AUTH-R1; API-R1,External Python frontend,External developer team,No MOSAIC repository changes; published contracts only,24,6,Proposed
6,Release 1,3-4. Runtime integration,MOSAIC orchestrator,ORCH-R1,Owner-controlled runtime integration,Implement all required MOSAIC repository changes while retaining exclusive owner control.,"MOSAIC backend bootstrap, identity and API integration, Goal-time workspace Skill snapshot and terminal cancellation hook.",PLAT-R1; DATA-R1; AUTH-R1,MOSAIC owner,MOSAIC owner only,MOSAIC repository change required; owner-controlled implementation,11,3,Owner backlog
7,Release 1,5. Pilot acceptance,Quality and documentation,REL-R1,Development pilot acceptance,Prove the complete read-only pilot and document how it is operated.,"Isolation, persistence, provider-path and acceptance tests plus README pilot runbook.",All Release 1 epics,QA / platform / product,Split by story,External work only where no MOSAIC repository change is required,16,5,Proposed
8,Post-Release 1,6. Production identity and persistence,Access and API,ID-F1,Production identity,Replace development human tokens and add independent service identities.,"OIDC human access, removal of pilot tokens and service identity model.",Release 1 learning,MOSAIC owner,MOSAIC owner only,MOSAIC repository change required; owner-controlled implementation,13,3,Deferred
9,Post-Release 1,6. Production identity and persistence,Backend and data,SCALE-F1,PostgreSQL and horizontal scale,Move ADK and MOSAIC to the single environment database and support multiple replicas.,"Clean PostgreSQL cutover, shared coordination and scale verification.",ID-F1,MOSAIC owner,MOSAIC owner only,MOSAIC repository change required; owner-controlled implementation,10,2,Deferred
10,Post-Release 1,6A. RAG evaluation and prototype,Knowledge retrieval and RAG,RAG-F1,RAG platform evaluation and prototype,Determine the ADA-prescribed RAG approach and prove an external knowledge repository for the database investigation use case.,"ADA position, scored options, approved architecture decision, embedding evidence, standalone ingestion and retrieval PoC, database demonstration and complete integration documentation.",Release 1; ADA platform guidance; development AI access layer,External data / AI platform developers,External developer team,No MOSAIC repository changes; publishes a contract for owner adoption,44,10,Deferred
11,Post-Release 1,7. Self-service Skills,Skills and catalogue,SKILL-F1,Self-service Skill catalogue and lifecycle,"Build a standalone Skills service and frontend for safe discovery, workspace management and governed publication.","Separately deployed catalogue and workspace APIs plus UI, Private Skills, Public review and team visibility.",ID-F1; SCALE-F1,Skills / backend / frontend,External developer team,No MOSAIC repository changes; published contracts only,25,5,Deferred
12,Post-Release 1,8. Delegated provider security,Provider security,MCP-F1,MCP security shim and delegated RBAC,Propagate trusted identity to vendor MCP servers and enforce platform boundaries.,"Header contract, reusable shim and platform adapters.",Production identity,Security / platform integration,External developer team,No MOSAIC repository changes; published contracts only,13,3,Deferred
13,Post-Release 1,9. Integration registry and workbench,Integration management,CFG-F1,Relational Integration registry,Build a standalone relational Integration registry and connect it through an owner-controlled MOSAIC adapter.,"External Provider, Target, Capability and Binding publication service plus owner-implemented runtime consumption.",SCALE-F1,Backend / database,Split by story,External work only where no MOSAIC repository change is required,13,3,Deferred
14,Post-Release 1,9. Integration registry and workbench,Integration workbench,WB-F1,Integration authoring workbench,"Provide a separately deployed visual tool for creating, validating and publishing Integration definitions.","Standalone workbench, binding visualisation and governed publication.",CFG-F1; production identity,Full-stack,External developer team,No MOSAIC repository changes; published contracts only,15,3,Deferred
15,Post-Release 1,10. Production operations,Operations,OPS-F1,Production lifecycle and operations,Add controls justified by production usage and service targets.,"Retention, shared rate limits, usage attribution, backup, recovery and alerting.",SCALE-F1; production usage,Platform / backend / FinOps,Split by story,External work only where no MOSAIC repository change is required,18,4,Deferred
16,Post-Release 1,10. Production operations,MOSAIC orchestrator,ORCH-F1,Advanced Goal controls,Add deliberate new-Goal transitions without weakening Goal evidence isolation.,Explicit abandonment of a clarification-held Goal and start of a new Goal.,Release 1 usage,MOSAIC owner,MOSAIC owner only,MOSAIC repository change required; owner-controlled implementation,5,1,Deferred owner backlog
