Area,Release 1 decision,Reused foundation,Minimal new development,Explicitly deferred
Release shape,Invite-only development pilot on the ADA Cloud Run deployment path using development data and read-only MCP servers.,Existing MOSAIC runtime and development environment.,Complete authenticated user path and operating instructions.,"Production readiness, sensitive data and general availability."
Ownership,Developers build non-orchestrator modules; the MOSAIC owner implements ORCH-R1.,Published ADA and MOSAIC contracts.,Explicit interfaces and dependency gates.,"Delegating Goal, planning, routing or capability execution changes."
Identity,Administrator-issued opaque human tokens; browser cookie defaults to seven days.,Dedicated pilot administrator secret from Secret Manager for the protected administration endpoint.,"Hashed user credentials, revocation, rotation, trusted request context and one removable administrator guard.",OIDC and independent service identities.
Workspace Skills,Administrators assign atomic Public Skill IDs with mosaic-admin through a protected endpoint; users receive an external spreadsheet catalogue.,Git-backed approved catalogue on main.,workspace_skills persistence plus validated set/show endpoint and CLI commands.,"Self-service catalogue, Private Skills and team visibility."
Conversations,"Users can create, list and reopen persistent ADK sessions; no automatic expiry.",ADK SQLite SessionService and event history.,"Owned /api/v1 wrappers, titles and activity timestamps.","Delete, rename, share and automated retention."
Invocations,One active invocation per conversation; explicit cancellation; browser disconnect does not cancel.,Existing ADA execution and SSE events.,"Background task registry, 409 guard, status and cancellation.","Queues, resume after process restart and inferred topic switching."
Web application,Dash and small client-side JavaScript stream responses in the existing FastAPI process.,ADA FastAPI/Uvicorn listener.,"Token sign-in, conversation navigation, chat, busy state and failure display.","React application, WebSockets, Skill UI and administration UI."
Public API,Human bearer tokens use the same /api/v1 conversation API as the browser.,FastAPI and OpenAPI.,Authenticated wrapper routes and SSE.,Unattended automation and service credentials.
Persistence,ADK session.db and MOSAIC mosaic.db are separate SQLite files on Terraform-managed persistent file storage mounted into one Cloud Run instance.,ADK SQLite session persistence and Cloud Run NFS volume support.,"Terraform Filestore/NFS mount, fixed database paths, MOSAIC SQLAlchemy/Alembic schema and process-local write serialisation.","PostgreSQL, horizontal scaling, high availability, backup and recovery targets."
Capability configuration,"Approved JSON is committed beside Terraform, uploaded as a versioned GCS object and mounted read-only by Cloud Run.",Existing schema and startup validator.,"Seed pilot definitions, CI validation, object versioning and a content-hash rollout trigger.",Relational registry and authoring workflow.
Catalogue delivery,Load approved Skill packages from configurable branch main; merge means publication.,Existing Git checkout and hierarchy.,Startup validation against capability bindings.,"Tags, commit pinning and progressive catalogue releases."
Provider security,Shared development access with every MCP server explicitly read-only.,Current provider integrations.,Read-only verification and bounded failure messages.,"Delegated identity, MCP shim and platform-specific RBAC."
Operations,"Single-instance Cloud Run service, mounted SQLite storage, probes, structured correlation and README pilot runbook; no production resilience guarantee.","Existing GCP/ADA logging, Artifact Registry, Cloud Run and Terraform workflow.","Cloud Run runtime settings, volume mount, startup/readiness checks, rollout/rollback and operating instructions.","Dashboards, alerts, retention, chargeback and production rate limiting."
