Order,Horizon,Increment,Delivery objective,Demonstrable outcome,Epics,Workstreams,Dependencies,Parallel work,Orchestrator gate,Exit criteria,Stories,Points
0,Release 1,0. Cloud Run foundation,Deploy the owner-produced MOSAIC backend through external infrastructure automation.,"A Cloud Run revision starts from approved configuration, mounts persistent file storage for SQLite and exposes only supported routes.",PLAT-R1,Platform and deployment; Platform integration,Existing development GCP and ADA environment,DATA-R1 can begin once the mounted SQLite paths and single-writer boundary are agreed.,"The MOSAIC owner supplies the backend source, build contract and Cloud Run-compatible bootstrap; developers make no repository changes.","Image publication, Cloud Run rollout, persistent volume, GCS snapshot, catalogue validation and route-boundary tests pass.",7,29
1,Release 1,1. Persistent pilot data,"Persist ADK conversations plus MOSAIC users, tokens, workspaces and administrator assignments in separate SQLite files.",An administrator provisions a user and atomic Skills; metadata and completed conversations survive Cloud Run instance replacement.,DATA-R1,Backend and data,PLAT-R1-02; PLAT-R1-06,The MOSAIC owner may implement ADK and MOSAIC SQLite work in parallel after the mounted paths are available.,All DATA-R1 stories change the MOSAIC repository and are owner-only.,ADK and MOSAIC SQLite tests pass on the mounted filesystem; only the MOSAIC process opens the files for writing.,6,24
2,Release 1,2. Authenticated boundary,Establish the trusted user boundary.,Browser cookies and human bearer tokens produce the same trusted user context and spoof attempts fail.,AUTH-R1,Access and API,DATA-R1; ORCH-R1-01,The external Dash shell can proceed against the published authentication and API contract.,All authentication middleware and backend routes are implemented by the MOSAIC owner.,"Authentication, redaction and identity-spoof tests pass.",4,14
3,Release 1,3. Conversation lifecycle,Expose owned persistent conversations and controlled invocation lifecycle.,"A user can create, stream, disconnect, reopen and cancel without accessing another user's sessions.",API-R1; ORCH-R1,Access and API; MOSAIC orchestrator,AUTH-R1,The standalone UI can build navigation against the published API while the MOSAIC owner implements the backend lifecycle.,All API-R1 and ORCH-R1 changes are owner-only; external developers consume the contract.,"API contract, ownership, streaming, disconnect and 409 behaviour pass.",8,32
4,Release 1,4. Pilot experience and Goal binding,Complete the pilot user journey and enforce workspace Skills.,The independently deployed Dash UI streams results through /api/v1 while MOSAIC applies the user's workspace at each new Goal.,UI-R1; ORCH-R1,User interface; MOSAIC orchestrator,API-R1; DATA-R1,The external Dash application and owner-only Goal binding can proceed in parallel against the published contracts.,The MOSAIC owner alone implements Goal binding; the frontend makes no MOSAIC repository change.,UI journeys pass; next-Goal Skill changes and in-flight stability pass.,7,29
5,Release 1,5. Pilot acceptance,Make the invited development pilot repeatable and supportable.,The complete read-only journey is demonstrated from Cloud Run deployment through revision or instance replacement.,REL-R1,Quality and documentation,All Release 1 epics,External black-box tests can start early; the MOSAIC owner maintains repository documentation.,The MOSAIC owner accepts runtime behaviour and performs every MOSAIC README or source change.,All acceptance criteria pass and the README records limitations.,5,16
6,Post-Release 1,6. Production identity and persistence,Replace pilot identity and storage constraints.,"OIDC, service identities, PostgreSQL and multiple Cloud Run instances operate through the same trusted contracts.",ID-F1; SCALE-F1,Access and API; Backend and data,Release 1 learning,"External infrastructure preparation may proceed, but identity, persistence adapters and replica coordination remain owner-only.",ID-F1 and SCALE-F1 require MOSAIC repository changes and are owned by the MOSAIC owner.,Pilot tokens and SQLite dependencies are removable.,5,23
7,Post-Release 1,6A. RAG evaluation and prototype,Select and prove the prescribed RAG platform without modifying MOSAIC.,An approved external prototype ingests controlled operational knowledge and returns cited context for the database investigation use case through a documented contract.,RAG-F1,Knowledge retrieval and RAG,Release 1; ADA team guidance; development AI access layer,The evaluation and PoC can run alongside production identity work once ADA access and the non-sensitive sample corpus are available.,No MOSAIC change is permitted. The MOSAIC owner reviews the integration contract and owns any later runtime adapter.,"ADA's position is recorded; the platform decision is approved; embedding, insert, update, delete and retrieve paths work; the database use case is measured; the PoC and MOSAIC integration contract are documented.",10,44
8,Post-Release 1,7. Self-service Skills,Move Public Skill discovery and selection to users.,Users browse and manage Skills through a separately deployed Skills service and frontend.,SKILL-F1,Skills and catalogue; User interface,Production identity and persistence,Catalogue API and UI can proceed in parallel.,External teams build the standalone service; any MOSAIC adapter or Goal-time change is owner-only.,Manual pilot assignment is no longer required.,5,25
9,Post-Release 1,8. Delegated provider security,Enforce platform identity and RBAC at provider boundaries.,Vendor MCP servers receive trusted context through the reusable shim and apply platform-specific policy.,MCP-F1,Provider security,Production identity,Reference shim and first provider adapter can overlap after the header contract.,No orchestration change.,Sensitive production data cannot cross user boundaries.,3,13
10,Post-Release 1,9. Integration registry and workbench,Replace GCS JSON delivery and add governed visual authoring.,Approved relational publications feed runtime configuration and a separate workbench manages drafts.,CFG-F1; WB-F1,Integration management; Integration workbench,PostgreSQL and production identity,Workbench shell can begin while registry publication stabilises.,External teams build the registry and workbench; the MOSAIC owner alone implements runtime consumption.,The GCS JSON snapshot is retired and publication is auditable.,6,28
11,Post-Release 1,10. Production operations,Add controls justified by scale and usage.,"Retention, exact rate limits, resilience, observability, chargeback and advanced Goal controls meet approved policies.",OPS-F1; ORCH-F1,Operations; MOSAIC orchestrator,Production usage and service targets,Operational controls are independent except for shared telemetry contracts.,"Retention, rate limiting and Goal changes that touch MOSAIC are owner-only; external SRE and FinOps work remains assignable.",Production support and governance targets are met.,5,23
