Epic ID,Story ID,Workstream,Delivery group,Orchestrator involvement,Release,Increment,Priority,Sequence,Story,Description,Acceptance criteria,Dependencies,Suggested owner,Status
PLAT-1,PLAT-1-01,Platform integration,Developer team,No change; confirms current contract,Release 1,0. Prove the current path,Critical,0.1,Confirm the supported ADA interface,Confirm the deployed ADA REST and SSE operations required by the pilot.,"Session creation, prompt submission, streaming, history access and correlation fields are recorded. WebSockets and direct runner integration are excluded.",None,Platform / ADA,Proposed
PLAT-1,PLAT-1-02,Platform integration,Developer team,No,Release 1,0. Prove the current path,Critical,0.2,Confirm durable ADA Sessions,"Verify that the deployed ADA configuration persists Session conversation, events and state in the environment PostgreSQL service.",A Session survives instance replacement and can be continued through a healthy instance. MOSAIC does not recreate ADA persistence.,PLAT-1-01,Platform / ADA,Proposed
PLAT-1,PLAT-1-03,Platform integration,Developer team,No,Release 1,0. Prove the current path,High,0.3,Pin the current catalogue and snapshot,Use reviewed Git content for the Public Skill catalogue and current JSON capability snapshot for Release 1.,A deployment uses an explicit Git revision. Every replica loads the same Skill and JSON content at startup. No database-backed Integration publication is introduced.,None,Platform / ADA,Proposed
PLAT-1,PLAT-1-04,Platform integration,Developer team,Uses current orchestrator only,Release 1,0. Prove the current path,Critical,0.4,Prove one end-to-end investigation,Run a representative read-only OpenShift investigation through ADA and the existing MOSAIC orchestrator.,"A prompt reaches MOSAIC, invokes only approved read-only tools and streams a useful response to a minimal client. Session and request IDs are retained.","PLAT-1-01, PLAT-1-03",Platform / ADA,Proposed
PLAT-1,PLAT-1-05,Platform integration,Developer team,No change; records current contract,Release 1,0. Prove the current path,High,0.5,Record the Release 1 integration contract,Capture only the confirmed interfaces that the access API and web application must use.,"Request, response, SSE, Session and error contracts are versioned. Unknowns become targeted stories rather than broad discovery work.","PLAT-1-01, PLAT-1-02, PLAT-1-04",Platform / ADA,Proposed
API-1,API-1-01,Access API and identity,Developer team,No,Release 1,1. Controlled access,Critical,1.1,Define the thin access API,"Define the minimal external API for authentication, Sessions, prompts, streaming and Public Skill selection.","The API delegates orchestration to ADA and MOSAIC. It does not implement Goals, tool routing, Integration authoring or a general gateway platform.",PLAT-1-05,Backend / Security,Proposed
API-1,API-1-02,Access API and identity,Developer team,No,Release 1,1. Controlled access,Critical,1.2,Implement development bearer-token authentication,Resolve a high-entropy development token to one Human Account.,Only a salted token hash is stored. Tokens can expire and be revoked. Caller-supplied identity headers are ignored. The mode cannot start outside development.,API-1-01,Backend / Security,Proposed
API-1,API-1-03,Access API and identity,Developer team,No,Release 1,1. Controlled access,High,1.3,Provision and revoke pilot Accounts,Provide controlled CLI or SQL tooling for Human Account and token administration.,No administration UI is added. Plaintext tokens are shown once. Revocation blocks subsequent requests.,API-1-02,Backend / Security,Proposed
API-1,API-1-04,Access API and identity,Developer team,No,Release 1,1. Controlled access,Critical,1.4,Create and access owned Sessions,Create opaque ADA Sessions and verify Account ownership on every Session operation.,"Session IDs are generated at a trusted boundary. An Account cannot list, read, resume or invoke another Account's Session.",API-1-02; PLAT-1-01,Backend / Security,Proposed
API-1,API-1-05,Access API and identity,Developer team,Published contract only,Release 1,1. Controlled access,Critical,1.5,Forward prompts and SSE responses,Send an authenticated prompt to ADA and stream the response through the access API.,The same correlation identifiers are preserved. Sensitive headers and tokens never appear in URLs or streamed content. A dropped client does not duplicate the request.,"API-1-01, API-1-02; PLAT-1-04",Backend / Security,Proposed
API-1,API-1-06,Access API and identity,Developer team,No,Release 1,1. Controlled access,High,1.6,Support direct Human Account API use,Allow an invited Human Account to call the same API without using the web application.,Bearer-token authentication and Session ownership are identical for web and direct API use. Service identities and unattended automation are excluded.,"API-1-02, API-1-04, API-1-05",Backend / Security,Proposed
API-1,API-1-07,Access API and identity,Developer team,No,Release 1,1. Controlled access,High,1.7,Enforce one active request per Session,Prevent concurrent requests from mutating the same Session while allowing different Sessions to run concurrently.,Conflicts return HTTP 409 with the Session identifier and an exact reason. Requests are not silently queued.,API-1-04,Backend / Security,Proposed
API-1,API-1-08,Access API and identity,Developer team,No,Release 1,1. Controlled access,High,1.8,Return bounded API errors,"Map authentication, ownership, conflict, ADA and provider failures into stable API responses.","Responses contain an actionable message and correlation ID without prompts, tool arguments, Evidence, tokens or backend inventories.","API-1-02, API-1-05, API-1-07",Backend / Security,Proposed
UI-1,UI-1-01,User interface,Developer team,No,Release 1,1. Controlled access,High,1.9,Create the minimal web application shell,"Create an independently deployable web application containing only authentication, Sessions, Public Skills and chat navigation.","There are no administration, Integration authoring, publication or chargeback pages.",PLAT-1-05,Frontend,Proposed
UI-1,UI-1-02,User interface,Developer team,No,Release 1,1. Controlled access,High,2,Use a development token in the web application,Allow an invited user to provide or receive a development token for the current pilot.,"The token is sent only in the Authorization header and is not written to URLs, analytics or browser logs. Invalid and expired tokens are handled explicitly.","API-1-02, UI-1-01",Frontend,Proposed
UI-1,UI-1-03,User interface,Developer team,Published contract only,Release 1,1. Controlled access,Critical,2.1,Submit a prompt and render the streamed response,Connect the chat view to the access API using REST and SSE.,The user sees streaming progress and the final response. Reconnection does not create a second request. Correlation information is available for support.,"API-1-05, UI-1-01, UI-1-02",Frontend,Proposed
UI-1,UI-1-04,User interface,Developer team,No,Release 1,1. Controlled access,High,2.2,"Create, list and resume Sessions",Provide the minimum Session navigation needed to start and continue conversations.,Only owned Sessions are shown. Selecting a completed Session preserves conversation history and the next prompt starts a new Goal.,"API-1-04, UI-1-01",Frontend,Proposed
UI-1,UI-1-05,User interface,Developer team,No,Release 1,1. Controlled access,High,2.3,Present clear runtime states,"Show request-in-progress, clarification, completion, conflict and failure states.",The composer cannot create concurrent work in one Session. Messages state what happened and what the user can do next without vague retry wording.,"API-1-07, API-1-08, UI-1-03",Frontend,Proposed
UI-1,UI-1-06,User interface,Developer team,Uses current clarification behaviour,Release 1,1. Controlled access,High,2.4,Support the existing clarification flow,Render an orchestrator clarification as part of the conversation and let the user answer it in the same Session.,The answer continues the existing Goal using the current orchestrator behaviour. Changing topic or abandoning a clarification is explicitly outside Release 1.,UI-1-03; current MOSAIC behaviour,Frontend,Proposed
DATA-1,DATA-1-01,Backend and database,Developer team,No,Release 1,2. Personal Sessions and Skills,Critical,3.1,Create the minimal MOSAIC database boundary,Create MOSAIC-owned tables within the environment's single PostgreSQL service.,"MOSAIC and ADA use separate roles and tables. Migrations are repeatable. Tables are limited to Accounts, token metadata, Session ownership and enabled Skill mappings.",PLAT-1-02,Backend / Database,Proposed
DATA-1,DATA-1-02,Backend and database,Developer team,No,Release 1,2. Personal Sessions and Skills,Critical,3.2,Persist Human Accounts and Session ownership,Persist the minimum trusted ownership model used by the access API.,"Each Session has exactly one Human Account owner. No workspace, team, tenant administration or Service identity model is implemented.","DATA-1-01, API-1-04",Backend / Database,Proposed
SKILL-1,SKILL-1-01,Skills and catalogue,Developer team,No,Release 1,2. Personal Sessions and Skills,High,3.3,Expose Public Skill catalogue metadata,Read safe discovery metadata from the validated Git Skill catalogue.,"Name, description, version, domain and function are visible. Provider endpoints, credentials and Integration internals are excluded.",PLAT-1-03,Frontend / Backend,Proposed
SKILL-1,SKILL-1-02,Skills and catalogue,Developer team,No,Release 1,2. Personal Sessions and Skills,High,3.4,Browse and search Public Skills,"Let users discover Skills by hierarchy, name and description.",All Public Skills remain visible whether enabled or not. The hierarchy supports domain and function browsing.,"SKILL-1-01, UI-1-01",Frontend / Backend,Proposed
SKILL-1,SKILL-1-03,Skills and catalogue,Developer team,No,Release 1,2. Personal Sessions and Skills,Critical,3.5,Persist each Account's enabled Skills,Store one personal set of enabled Public Skill names per Human Account.,New Accounts start empty. Unknown or duplicate Skill names are rejected. Skill content remains in Git.,"DATA-1-01, DATA-1-02, SKILL-1-01",Frontend / Backend,Proposed
SKILL-1,SKILL-1-04,Skills and catalogue,Developer team,No,Release 1,2. Personal Sessions and Skills,High,3.6,Enable and disable individual Skills,Allow a user to change its own enabled Public Skill set.,Operations are Account-owned and idempotent. The UI confirms the resulting set. Changes do not affect active work.,"SKILL-1-02, SKILL-1-03",Frontend / Backend,Proposed
SKILL-1,SKILL-1-05,Skills and catalogue,Developer team,No,Release 1,2. Personal Sessions and Skills,High,3.7,Bulk-enable a current Skill group,Enable all Skills currently published in a selected domain or function.,The UI previews the exact Skill names and count. Explicit Skill names are stored. Later additions are not enabled automatically.,"SKILL-1-02, SKILL-1-04",Frontend / Backend,Proposed
ORCH-1,ORCH-1-01,MOSAIC orchestrator,MOSAIC owner only,Owner-controlled implementation,Release 1,2. Personal Sessions and Skills,Critical,3.8,Resolve enabled Skills at a new Goal,Use the Account's current enabled Skill set when MOSAIC starts a new Goal.,The loaded set is fixed for that Goal. An in-flight or clarification-held Goal is unchanged. The next Goal sees subsequent Skill changes.,SKILL-1-03; MOSAIC owner dependency,MOSAIC owner,Proposed
QA-1,QA-1-01,Quality and release,Developer team,Depends on ORCH-1-01,Release 1,3. Development pilot,Critical,3.9,Verify two-Account isolation,"Exercise Sessions, history and enabled Skills using at least two synthetic Human Accounts.","Neither Account can list, read, resume, invoke or change the other's state. Logs, caches and errors do not expose cross-Account data.","DATA-1-02, SKILL-1-03, ORCH-1-01",QA / Platform,Proposed
QA-1,QA-1-02,Quality and release,Developer team,No,Release 1,3. Development pilot,Critical,4.1,Enforce development-only authentication,Prevent the temporary bearer-token mode from starting outside the development environment.,Startup fails closed outside development. Logs identify the configured auth mode without exposing token material.,API-1-02,QA / Platform,Proposed
QA-1,QA-1-03,Quality and release,Developer team,No,Release 1,3. Development pilot,Critical,4.2,Verify read-only provider operation,Confirm every Release 1 MCP server and permitted tool runs in read-only mode.,The runtime allowlist contains only required read operations. Mutation attempts fail. Shared provider identity is documented as a development limitation.,PLAT-1-03; provider deployments,QA / Platform,Proposed
QA-1,QA-1-04,Quality and release,Developer team,Published identifiers only,Release 1,3. Development pilot,High,4.3,Add health and correlation checks,"Expose basic health and preserve Account, Session, Goal and request correlation through supported components.","Health distinguishes startup/configuration failure from dependency failure. Logs omit tokens, prompts, arguments and Evidence.",API-1-05,QA / Platform,Proposed
QA-1,QA-1-05,Quality and release,Developer team,Uses published contract,Release 1,3. Development pilot,High,4.4,Test bounded failure behaviour,"Test invalid authentication, Session conflict, dropped SSE, ADA failure, MCP failure and invalid startup configuration.","Failures produce stable responses, do not leak sensitive detail and never create duplicate requests or cross-Account state.","API-1-08, UI-1-05, QA-1-04",QA / Platform,Proposed
QA-1,QA-1-06,Quality and release,Developer team,Depends on ORCH-1-01,Release 1,3. Development pilot,High,4.5,Run the complete two-Account pilot regression,Run the web and direct API paths with two Accounts using different enabled Skills.,"Authentication, Session continuation, Skill selection, read-only investigation and isolation pass through the deployed environment.","QA-1-01, QA-1-02 through QA-1-05",QA / Platform,Proposed
QA-1,QA-1-07,Quality and release,Developer team,No,Release 1,3. Development pilot,Medium,4.6,Document pilot operation and limitations,"Provide the deployment, user-provisioning, configuration and support information required for the controlled pilot.","The documentation states development-only authentication, shared provider identity, read-only scope, current Git/JSON configuration and all deferred production capabilities.",QA-1-02 through QA-1-05,QA / Platform,Proposed
QA-1,QA-1-08,Quality and release,Developer team,ORCH-1-01 must be accepted,Release 1,3. Development pilot,Critical,4.7,Complete the Release 1 acceptance walkthrough,Demonstrate the agreed Release 1 outcome using the deployed development environment.,"Two provisioned users choose different Public Skills, run useful investigations, continue their own Sessions and cannot access each other's state. Deferred work is not required to pass.","QA-1-06, QA-1-07",QA / Platform,Proposed
F1,F1-01,Access API and identity,Developer team,No,Post-Release 1,Future,High,5.1,Integrate Human Accounts with OIDC,Replace development tokens with authorization code and PKCE using validated issuer and subject claims.,OIDC is required before production access.,Release 1,Backend / Security,Deferred
F1,F1-02,Access API and identity,Developer team,No,Post-Release 1,Future,High,5.2,Introduce independent Service identities,Support non-human access without impersonating Human Accounts.,"Service identities own independent Sessions, Skills, quotas and audit identity.",F1-01,Backend / Security,Deferred
F1,F1-03,Access API and identity,Developer team,No,Post-Release 1,Future,Medium,5.3,Add automated request safeguards,Add idempotency and lifecycle behaviour for unattended API calls.,Retries cannot create duplicate Goals and automation cannot access Human Sessions.,F1-02,Backend / Security,Deferred
F2,F2-01,Platform integration,Developer team,No orchestrator code change,Post-Release 1,Future,High,6.1,Define the reusable MCP shim contract,"Specify trusted identity, forwarding, audit and error behaviour for vendor MCP servers.",The contract cannot trust caller-supplied identity headers.,F1,Platform / ADA,Deferred
F2,F2-02,Platform integration,Developer team,No orchestrator code change,Post-Release 1,Future,High,6.2,Validate provider-audience identity,Validate short-lived credentials and reject spoofed identity.,"Issuer, audience, signature and expiry are enforced consistently.",F2-01,Platform / ADA,Deferred
F2,F2-03,Platform integration,Developer team,No orchestrator code change,Post-Release 1,Future,High,6.3,Build platform-specific RBAC adapters,"Translate trusted identity into the access mechanisms supported by OpenShift, Oracle, MQ and later providers.",Each provider remains the authoritative data and action access-control point.,"F2-01, F2-02",Platform / ADA,Deferred
F3,F3-01,Backend and database,Developer team,Published snapshot interface only,Post-Release 1,Future,High,7.1,Model immutable Integration publications,"Create normalized, versioned tables for Targets, Providers, Capabilities, bindings, Routing, extraction and limits.",A publication is immutable and identified by snapshot_id.,Release 1 usage,Backend / Database,Deferred
F3,F3-02,Backend and database,Developer team,Published snapshot interface only,Post-Release 1,Future,High,7.2,Import and publish reviewed Integration data,Validate existing JSON and publish its normalized representation transactionally.,The JSON document itself is not stored in PostgreSQL.,F3-01,Backend / Database,Deferred
F3,F3-03,Backend and database,Developer team,Published snapshot interface only,Post-Release 1,Future,High,7.3,Load a pinned database publication,Reconstruct the runtime snapshot from normalized rows at startup.,Every runtime replica in a deployment uses the same explicit snapshot_id.,F3-02,Backend / Database,Deferred
F4,F4-01,Skills and catalogue,Developer team,Published Skill contract only,Post-Release 1,Future,High,8.1,Store complete Skill versions in PostgreSQL,"Move Skill content, ownership, visibility and lifecycle from Git to the strategic catalogue.",Published Skill versions are immutable.,Release 1 catalogue learning,Frontend / Backend,Deferred
F4,F4-02,Skills and catalogue,Developer team,Published Skill contract only,Post-Release 1,Future,High,8.2,Support mechanically validated Private Skills,Allow user-authored Skills to reference only approved read-only Capabilities.,"Users cannot introduce Providers, Targets, endpoints or bindings.",F4-01,Frontend / Backend,Deferred
F4,F4-03,Skills and catalogue,Developer team,Published Skill contract only,Post-Release 1,Future,High,8.3,Add governed Public Skill publication,Require independent review before any Public Skill version is published.,Authors cannot approve their own Public versions.,F4-01,Frontend / Backend,Deferred
F4,F4-04,Skills and catalogue,Developer team,Published Skill contract only,Post-Release 1,Future,Medium,8.4,Add restricted team-aligned visibility,Publish reusable Skills to selected organisational groups without introducing shared workspaces.,"Group membership controls discovery, not underlying provider RBAC.",Production identity,Frontend / Backend,Deferred
F5,F5-01,User interface,Developer team,No,Post-Release 1,Future,Medium,9.1,Create the separate Integration workbench,Deploy authoring independently from the runtime web application and request path.,Workbench failure cannot affect runtime traffic.,F3,Frontend,Deferred
F5,F5-02,User interface,Developer team,No,Post-Release 1,Future,Medium,9.2,Visualise Integration relationships,Show Skill to Capability to binding to Provider to Target relationships.,Missing and conflicting links are visible.,F5-01,Frontend,Deferred
F5,F5-03,User interface,Developer team,No,Post-Release 1,Future,High,9.3,Validate and publish Integration drafts,"Validate schema, references, Routing, extraction and limits before publication.",Invalid drafts cannot become active and previous publications remain available for rollback.,"F3, F5-01",Frontend,Deferred
ORCH-F1,ORCH-F1-01,MOSAIC orchestrator,MOSAIC owner only,Owner-controlled implementation,Post-Release 1,Future,Medium,10.1,Add explicit stop and Goal cancellation,Cancel an active Goal terminally and prevent late results from changing state.,Cancelled Goals are never resumed.,MOSAIC transition support,MOSAIC owner,Deferred
ORCH-F1,ORCH-F1-02,MOSAIC orchestrator,MOSAIC owner only,Owner-controlled implementation,Post-Release 1,Future,Medium,10.2,Support abandoning clarification for a new topic,Let a user terminate a clarification-held Goal and start another Goal explicitly.,The model is not the sole transition authority.,ORCH-F1-01,MOSAIC owner,Deferred
F6,F6-01,Access API and identity,Developer team,No,Post-Release 1,Future,Medium,10.3,Add Session retention and administration,MOSAIC owner,Expiry remains configurable and can be disabled.,Release 1 usage,Backend / Security,Deferred
F6,F6-02,Access API and identity,Developer team,No,Post-Release 1,Future,Medium,10.4,Add production request limiting,MOSAIC owner,429 responses state the exact limit and retry condition or reset time.,Production usage,Backend / Security,Deferred
F7,F7-01,Backend and database,Developer team,No,Day 2/3,Future,Low,11.1,Assess ADA and GCP usage granularity,"Verify whether model and runtime usage can be attributed to Account, Session, Goal and request.",An evidence-backed gap report precedes any new ledger.,Production telemetry,Backend / Database,Deferred
F7,F7-02,Backend and database,Developer team,No,Day 2/3,Future,Low,11.2,Add a minimal usage ledger only if required,Track only the usage and cost fields missing from existing telemetry.,"The ledger excludes prompts, responses, arguments and Evidence.",F7-01,Backend / Database,Deferred
