Workstream,Scope,Release 1 epics,Future epics,Primary delivery owner,Assignable to developer team,Boundary
Platform and deployment,"Terraform, Artifact Registry, Cloud Run backend deployment, persistent file storage, GCS configuration delivery and external CI/CD.",PLAT-R1,SCALE-F1; OPS-F1,Platform developers,Yes,Works only in infrastructure and delivery repositories. It consumes owner-produced MOSAIC source and images and never edits the MOSAIC repository.
Platform integration,"Approved capability snapshot, GCS delivery, Skill catalogue validation and read-only provider connectivity.",PLAT-R1,MCP-F1; CFG-F1,Platform integration developers,Yes,"Works in catalogue, configuration and integration repositories using published validators and contracts; no MOSAIC repository changes."
Backend and data,"ADK session.db plus MOSAIC-owned mosaic.db for users, tokens, workspaces, Skill references and database lifecycle.",DATA-R1,SCALE-F1; CFG-F1; OPS-F1,MOSAIC owner,No for MOSAIC-backed data,Release 1 persistence lives in the MOSAIC repository and is owner-only. A future standalone data service must use a separate repository and explicit contract.
Access and API,"Authentication, trusted identity, supported /api/v1 routes, conversation ownership and streaming.",AUTH-R1; API-R1,ID-F1,MOSAIC owner,No,"Authentication, trusted identity and /api/v1 are implemented in the MOSAIC repository and remain owner-only. External clients consume the published contract."
User interface,"Standalone Python Dash application for sign-in, conversation navigation, transcript, streaming and runtime states.",UI-R1,SKILL-F1,External Python frontend developers,Yes,"Separate repository, executable, image and deployment. Uses only /api/v1 and never imports or modifies MOSAIC."
Quality and documentation,"Isolation, persistence, read-only path, acceptance evidence and pilot instructions.",REL-R1,OPS-F1,Split: external QA; MOSAIC owner for repository documentation,External tests only,Developers create black-box tests and deployment evidence outside MOSAIC. Any MOSAIC README or repository change is owner-only.
Skills and catalogue,"Public discovery, user selection and governed Private/Public/team Skill lifecycle.",Administrator CLI only,SKILL-F1,External Skills service and frontend developers,Yes after Release 1,Future catalogue and workspace management run as a standalone service. Any MOSAIC adapter or Goal-time change remains owner-only.
Provider security,"Trusted identity propagation, MCP shim and provider-specific delegated RBAC.",Read-only shared access only,MCP-F1,Security and platform integration,Yes after Release 1,Shim and adapters live outside MOSAIC. MOSAIC repository changes remain owner-only and provider authorisation stays at the provider boundary.
Integration management,Strategic provider/capability/binding registry and separately deployed authoring workbench.,Reviewed JSON in GCS only,CFG-F1; WB-F1,"External backend, database and full-stack developers","Yes, except MOSAIC adapter",Registry and workbench are separate solutions. Publishing services are external; any MOSAIC runtime adapter is owner-only.
Knowledge retrieval and RAG,"ADA platform discovery, RAG option evaluation, embedding model validation, ingestion and retrieval prototype, database use case and integration documentation.",None,RAG-F1,External data and AI platform developers,Yes after Release 1,"The PoC, clients and documentation live outside MOSAIC. They publish a technology-neutral retrieval contract; any MOSAIC adapter remains owner-only."
MOSAIC orchestrator,"Every change in the MOSAIC repository, including bootstrap, persistence, identity, APIs, Goals, planning, routing and capability execution.",ORCH-R1,ORCH-F1,MOSAIC owner,No,Repository ownership is absolute: all MOSAIC implementation remains under the MOSAIC owner's control.
